Crop Name,Recipe Name 1,Link1,Recipe Name 2,Link2,Recipe Name 3,Link 3
Tomato,Tomato Basil Bruschetta,https://www.simplyrecipes.com/recipes/bruschetta_with_tomato_and_basil/,Collection of Fresh Tomato Recipes ,https://www.allrecipes.com/gallery/fresh-tomato-recipes/,Tomato Sauce with Basil,https://www.onceuponachef.com/recipes/tomato-sauce-basil.html
Lettuce,Lemon Parmesan Lettuce Salad ,https://www.themediterraneandish.com/lettuce-salad-recipe/,Simple Lettuce Salad ,https://www.tasteofhome.com/recipes/simple-lettuce-salad/,Sauteed Romaine Lettuce With Garlic and Lemon ,https://marcsrecipes.com/sauteed-romaine-lettuce-with-garlic-and-lemon/
Radish,Garlic Roasted Radishes ,https://therealfooddietitians.com/garlic-roasted-radishes/,Sauteed Radishes ,https://www.allrecipes.com/recipe/232669/sauteed-radishes/,Pickled Radishes,https://bellyfull.net/pickled-radishes/
Green Beans,Simple Skillet Beans ,https://www.healthyseasonalrecipes.com/simple-skillet-green-beans/,5-Ingredient 8-Minute Skillet Green Beans ,https://alexandracooks.com/2022/07/31/5-ingredient-8-minute-skillet-green-beans/,Broiled Green Beans ,https://www.simplyrecipes.com/broiled-green-beans-recipe-11717884
Zucchini,Baked Zucchini ,https://www.recipetineats.com/baked-zucchini/,Sauteed Zucchini ,https://www.inspiredtaste.net/38045/sauteed-zucchini-recipe/,Zucchini Noodles with Pesto,https://www.wellplated.com/sauteed-zucchini/
Carrot,Carrot Ginger Soup,https://cookieandkate.com/healthy-carrot-ginger-soup/,Carrot Salad ,https://www.onceuponachef.com/recipes/french-grated-carrot-salad.html,Honey Glazed Carrots,https://www.dinneratthezoo.com/glazed-carrots/
Potato,Best Potatoes You'll Ever Taste ,https://www.allrecipes.com/recipe/27252/best-potatoes-youll-ever-taste/,Boiled Baby Potatoes with Olive Oil and Herbs ,https://www.food.com/recipe/herbed-baby-potatoes-with-olive-oil-151762,Spiced Roasted Potatoes ,https://www.simplyrecipes.com/spiced-roasted-potatoes-recipe-11716522
Strawberry,Summer Strawberry Cake ,https://www.onceuponachef.com/recipes/summer-strawberry-cake.html,Fresh Strawberry Crisp ,https://belleofthekitchen.com/fresh-strawberry-crisp-recipe/,Healthy Strawberry Oatmeal Bars ,https://www.wellplated.com/strawberry-oatmeal-bars/
Blueberry,Easy Blueberry Crumble ,https://www.inspiredtaste.net/46488/easy-blueberry-crumble/,Easy Blueberry Cobbler ,https://www.allrecipes.com/recipe/223253/easy-blueberry-cobbler/,Easy Blueberry Muffins ,https://www.inspiredtaste.net/18982/our-favorite-easy-blueberry-muffin-recipe/
Pepper,15-Minute Sauteed Bell Peppers ,https://thenaturalnurturer.com/15-minute-sauteed-bell-peppers/,Marinated Bell Peppers ,https://www.themediterraneandish.com/roasted-bell-peppers/,Stuffed Bell Peppers ,https://www.budgetbytes.com/stuffed-bell-peppers/
Apple,Collection of Easy Apple Desserts ,https://www.simplyrecipes.com/easy-apple-dessert-recipes-8721800,Easy Apple Cobbler ,https://www.acozykitchen.com/easy-apple-cobbler,Apple Souffle with Hazelnuts ,https://www.theguardian.com/food/2025/apr/25/apple-souffle-hazelnuts-recipe-ravneet-gill
Orange,Orange Poppy Seed Muffins,https://sallysbakingaddiction.com/glazed-orange-muffins/,Simple Orange Glaze,https://www.allrecipes.com/recipe/181525/simple-orange-glaze/,Orange Almond Cake,https://preppykitchen.com/orange-cake/
Okra,Easy Baked Okra ,https://cooktoria.com/easy-baked-okra/,Stewed Okra and Tomatoes ,healthyrecipesblogs,Garlic Roasted Okra ,https://eatsomethingvegan.com/garlic-roasted-okra/
Cucumber,Best Cucumber Salad Recipe ,https://cookieandkate.com/best-cucumber-salad-recipe/,Pickles,https://cookieandkate.com/best-pickles-recipe/,6 Ingredient Vegan Tzatziki,https://minimalistbaker.com/6-ingredient-vegan-tzatziki/
Spinach,Creamed Spinach ,https://cookieandkate.com/creamed-spinach-recipe/,Palak Curry,https://www.indianhealthyrecipes.com/spinach-curry/,Sauteed Spinach ,https://www.loveandlemons.com/sauteed-spinach/
Peas,Cream of Peas ,https://www.savorywithsoul.com/cream-of-peas/,How I cook Frozen Peas ,https://www.recipetineats.com/how-i-cook-frozen-peas-recipe/,Fresh Pea Soup,https://www.savorywithsoul.com/cream-of-peas/
Kale,How to Cook Kale ,https://www.thekitchn.com/how-to-cook-kale-261979,Easy Garlic Kale ,https://www.allrecipes.com/recipe/241074/easy-garlic-kale/,Spicy Tuna Quinoa Bowl with Sesame Kale,https://www.kalememaybe.com/kalememaybe/2016/8/22/spicy-tuna-quinoa-bowl-with-sesame-kale?rq=tuna
Basil,Pesto,https://www.loveandlemons.com/pesto-recipe/,Collection of Fresh Basil Recipes ,https://www.simplyrecipes.com/recipes-with-fresh-basil-7555590,Pasta Salad Recipe with Basil Vinaigrette ,https://vikalinka.com/pasta-salad-with-basil-vinaigrette/
Watermelon,Watermelon Mint Salad,https://www.loveandlemons.com/watermelon-salad/,Watermelon Cucumber Feta Salad ,https://reciperunner.com/watermelon-salad-cucumber-feta/,Watermelon-Serrano Salsa,https://www.allrecipes.com/watermelon-serrano-salsa-recipe-8601115
Cantaloupe,Cantaloupe and Prosciutto Salad,https://www.loveandlemons.com/cantaloupe-salad/,Cantaloupe Slushie ,https://frommybowl.com/cantaloupe-slushie-recipe/,Cantaloupe with Sugar Snap Peas and Ricotta Salata ,https://www.bonappetit.com/recipe/cantaloupe-with-sugar-snap-peas-and-ricotta-salata
Broccoli,Oven Roasted Broccoli,https://lifemadesimplebakes.com/oven-roasted-broccoli/,Sauteed Broccoli ,https://www.loveandlemons.com/sauteed-broccoli/,Crispy Cheesy Roasted Broccoli,https://www.thecookierookie.com/crispy-cheesy-roasted-broccoli-recipe/
Cauliflower,Roasted Cauliflower ,https://cookieandkate.com/roasted-cauliflower-recipe/,Cauliflower Rice,https://www.simplyrecipes.com/recipes/cauliflower_rice/,Cauliflower Caponata ,https://www.101cookbooks.com/cauliflower-caponata/
Sweet Corn,Creamed Corn ,https://www.crunchycreamysweet.com/creamed-corn/,Summer Sweet Corn Saute ,https://iowagirleats.com/summer-sweet-corn-saute/,Grilled Street Corn ,https://www.ambitiouskitchen.com/grilled-street-corn/
Swiss Chard,Swiss Chard Wraps with Hummus ,https://minimalistbaker.com/rainbow-chard-hummus-wraps/,Swiss Chard and White Bean Stew ,https://www.feastingathome.com/ribollita-recipe/,Sauteed Swiss Chard ,https://www.feastingathome.com/sauteed-swiss-chard/
Arugula,29 Arugula Recipes ,https://www.bonappetit.com/recipes/slideshow/get-spicy-19-awesome-ways-eat-arugula?srsltid=AfmBOooBm6MCPqIj8UOZviA8JpF4uyWFFFblytp04iWzo7VqK-hQjUYB,Creamy Arugula and White Bean Soup,https://foodrevolution.org/recipes/creamy-arugula-and-white-bean-soup/,Arugula Salad with Grapes and Black Pepper Vinaigrette ,https://pinchofyum.com/arugula-salad-with-grapes-and-black-pepper-vinaigrette
Turnip,Simple Roasted Turnips ,https://www.spendwithpennies.com/simple-roasted-turnips/,Buttery Stovetop Turnip ,https://www.lordbyronskitchen.com/buttery-stovetop-turnip/,Southern Turnip Supreme ,https://www.allrecipes.com/recipe/199134/southern-turnip-supreme/
Collard Greens,Quick Collard Greens ,https://cookieandkate.com/quick-collard-greens-recipe/,Southern Style Collard Greens ,https://www.simplyrecipes.com/recipes/southern_style_collard_greens/,How to Cook Collard Greens ,https://www.thekitchn.com/how-to-cook-collard-greens-234746
Pumpkin,Pumpkin Bars ,https://feelgoodfoodie.net/recipe/pumpkin-bars/,Spiced Pumplin Bread ,https://www.onceuponachef.com/recipes/spiced-pumpkin-bread.html,1-Bowl Pumplin Bread ,https://minimalistbaker.com/1-bowl-pumpkin-bread-v-gf/
Celery,Celery Soup ,https://www.feastingathome.com/celery-soup/,Celery Stir Fry ,https://www.simplyrecipes.com/recipes/celery_stir_fry/,Celery Juice ,https://www.bbcgoodfood.com/recipes/celery-juice
Onion,Balsamic Roasted Red Onions,https://www.feastingathome.com/balsamic-roasted-red-onions/,Sweet and Sour Onions,https://www.simplyrecipes.com/recipes/sweet_and_sour_onions/,Grilled Onions,https://www.recipetineats.com/caramelized-onions/
Garlic,Garlic Butter ,https://www.allrecipes.com/recipe/36925/garlic-butter/,Garlic Bread ,https://www.budgetbytes.com/garlic-bread/,Roasted Garlic,https://cookieandkate.com/garlic-bread-recipe/
Thyme,Collection of Best Thyme Recipes ,https://www.acouplecooks.com/thyme-recipes/,Collection of Fresh Thyme Recipes ,https://www.tasteofhome.com/collection/recipes-with-fresh-thyme/,Lemon Thyme Chicken,https://www.eatingwell.com/recipe/266068/lemon-thyme-chicken/
Rosemary,Rosemary Focaccia Bread ,https://www.gimmesomeoven.com/rosemary-focaccia-bread/,Delicious Rosemary Bread ,https://www.allrecipes.com/recipe/89376/delicious-rosemary-bread/,Rosemary Chicken Breast ,https://www.feastingathome.com/rosemary-chicken-breast/
Oregano,Greek Lemon Chicken with Oregano,https://www.recipetineats.com/greek-lemon-chicken-and-potatoes/,Baked Oregano Chicken,https://www.eatingwell.com/recipe/274329/baked-oregano-chicken/,Lebanese Fresh Oregano Salad ,https://plantbasedfolk.com/fresh-oregano-salad/
Parsley,Parsley Chimichurri Sauce,https://www.simplyrecipes.com/recipes/chimichurri/,Tabbouleh Salad with Parsley,https://cookieandkate.com/tabbouleh-recipe/,Parsley Pesto ,https://www.delish.com/cooking/recipe-ideas/a19885324/parsley-pesto-recipe/
Dill,Dill Sauce ,https://www.simplyrecipes.com/recipes/dill_sauce/,Collection of Dill Recipes ,https://www.acouplecooks.com/dill-recipes/,Dill Vegetable Dip,https://www.rachelcooks.com/2017/01/06/dill-vegetable-dip-skinny/
Chives,Collection of Fresh Chive Recipes ,https://www.tasteofhome.com/collection/fresh-chive-recipes/,Scrambled Eggs with Chives ,https://www.madewithlau.com/recipes/scrambled-eggs-with-chives,Healthy Chives Recipes ,https://www.healthyfood.com/ingredient/healthy-chives-recipes/
Mint,Cream Cheese Mints ,https://sugarspunrun.com/cream-cheese-mints/,Collection of Mint Recipes ,https://www.theclevermeal.com/mint-recipes/,Mint Chutney,https://www.seriouseats.com/mint-chutney-recipe
Sage,Collection of Sage Recipes ,https://insanelygoodrecipes.com/sage-recipes/,Butternut Squash with Sage,https://www.simplyrecipes.com/recipes/roasted_butternut_squash_with_sage/,20 Sage Recipes to Make All Year Round ,https://risegardens.com/blogs/communitygarden/20-sage-recipes-to-make-all-year-round
Brussels Sprouts,Roasted Brussels Sprouts ,https://www.loveandlemons.com/roasted-brussels-sprouts/,KISS (Keep It Simple) Brusssels Sprouts ,https://www.allrecipes.com/recipe/237093/kiss-keep-it-simple-brussels-sprouts/,Healthy Brussels Sprouts Recipe,https://ourplantbasedworld.com/healthy-brussel-sprouts-recipe/
Cabbage,Sauteed Cabbage ,https://www.wellplated.com/sauteed-cabbage/,Southern Fried Cabbage ,https://www.allrecipes.com/recipe/73833/southern-fried-cabbage/,Cabbage Stir Fry,https://downshiftology.com/recipes/sauteed-cabbage/
Mustard Greens,Sauteed Mustard Greens ,https://www.simplyrecipes.com/recipes/mustard_greens/,Asian-Inspired Mustard Greens ,https://www.allrecipes.com/recipe/218501/asian-inspired-mustard-greens/,Southern-Style Mustard Greens ,https://www.tastesjustlikeamemory.com/southern-style-mustard-greens/
Artichoke,How to Cook and Eat an Artichoke ,https://www.simplyrecipes.com/recipes/how_to_cook_and_eat_an_artichoke/,Amazing Roasted Artichokes ,https://www.gimmesomeoven.com/amazing-roasted-artichokes/,Mediterranean Roasted Artichoke ,https://www.themediterraneandish.com/mediterranean-roasted-artichoke-recipe/
Leek,Sauteed Leeks ,https://www.saltandlavender.com/sauteed-leeks/,Buttered Leeks ,https://www.thespruceeats.com/buttered-leeks-recipe-spring-leeks-4126572,Turkish Braised Leeks ,https://www.themediterraneandish.com/turkish-braised-leeks/
Raspberry,Raspberry Crisp ,https://www.thatskinnychickcanbake.com/raspberry-crisp/,Raspberry Crumble Bars ,https://pinchofyum.com/raspberry-crumble-bars,Healthy Raspberry Muffins ,https://www.ourhappymess.com/healthy-raspberry-muffins/
Blackberry,Blackberry Cobbler ,https://www.thepioneerwoman.com/food-cooking/recipes/a10191/blackberry-cobbler-recipe/,Easy Blackberry Crisp,https://chefsavvy.com/easy-blackberry-crisp/,Blackberry Crumble Bars ,https://dishingouthealth.com/blackberry-crumble-bars/
Peach,Peach Cobbler ,https://tastesbetterfromscratch.com/peach-cobbler/,Fresh Peach Crumb Bars ,https://www.savingdessert.com/fresh-peach-crumb-bars/,Healthy Peach Crisp,https://booboosbakery.com/healthy-peach-crisp/
Plum,Plum Crisp ,https://www.allrecipes.com/recipe/215138/plum-crisp/,Easy Plum Cobbler,https://www.savingdessert.com/easy-plum-cobbler/,Healthy Plum Oatmeal Bar Recipes ,https://thermalandoaks.com/healthy-plum-oatmeal-bar-recipes/
Pear,Easy Baked Pears ,https://www.faithfullyglutenfree.com/easy-baked-pears/,Delicious Easy Pear Crumble ,https://hotchocolatehits.com/2021/11/delicious-easy-pear-crumble.html/,Air Fryer Pears ,https://healthfulblondie.com/air-fryer-pears/
Fig,Simple Oven Roasted Figs ,https://www.giverecipe.com/simple-oven-roasted-figs/,Fast and Easy Fig Jam ,https://honestcooking.com/fast-and-easy-fig-jam/,Vegan and Gluten Free Oatmeal Fig Bars ,https://www.bakerita.com/oatmeal-fig-bars-gluten-free-vegan/
